Deboles Organic Artichoke Angel Hair ( 12x8 OZ),DeBoles Artichoke Angel Hair (12x8 Oz),B001O8NPYU,087336633409
"EARTH FRIENDLY STAIN &amp; ODOR REMOVER,SPRY, 22 FZ",Earth Friendly Stain And Odor Remover (1x22Oz),B007JT96IC,749174097071
"BlueAvocado Re-Zip Seal Reusable Lunch Bag, 2-Pack",Blue Avocado (Re) Zip Seal Lunch Bag Translucent (1x2 Count),B00LX4G1FK,812613019436
Almond Aura Glow 8 OZ,Heritage Store Almond Aura Glow Lotion (1x8 Oz),B00G3LH9U4,076970110315
"NUBIAN HERITAGE HAND CRM,AFRICAN BLK SOAP, 4 OZ",Nubian Heritage Black Soap Hand Creme (1x4OZ ),B001F1XCXU,764302130994
"Mambino Organics Face Tonic, Organic Lemon Verbena Neem Balance, 4 Fluid Ounce",Mambino Organics Face Tonic Organic Lemon Verbena Neem Balance 4 Oz,B002H6Z604,892201002026
"NUMI TEA HERB TEA,OG2,CHAMOMILE LM, 18 BAG",Numi Tea Chamomile Lemon Herbal Tea (1x18 Bag),B00822XS2A,680692101508
Dr. Christopher Mind Trac Vegetarian Capsules - 100 Ea,Dr. Christopher's Formulas Mindtrac (1x100 Caps),B00CQ7ORCW,084783891345
"Allegro, Marinade Hot &amp; Spcy, 12.7 OZ (Pack of 6)",Allegro Hot & Spicy Marinade (6x12.7 FZ),B004LKWCPQ,074964002004
"The Spice Hunter Hickory Rub Grill Shaker, 4.3-Ounce Jar",Spice Hunter Hickory Grl Shkr (1x4.3OZ ),B004LVVMC4,081057021842
"Organic Wheat FreeTamari, 10 ounce -- 6 Per Case.",San-J Tamari Gold Label Wheat Free (6x10 Oz),B004AHARLG,075810001257
"Badia Spices inc Spice, Rosemary Leaves, 1-Ounce (Pack of 12)",Badia Rosemary  (12x1 OZ),B0048IKWW6,033844007492
"Lundberg Farms Organic Heat and Eat Short Grain Brown Rice, 7.4 Ounce -- 12 per case.",Lundberg Farms Heat & Eat Short Brown Rice Bowl (12x7.4 Oz),B001SAVNMA,073416045330
"Gluten Free Homemade Wonderful Bread, 16-Ounce (Pack of 4)",Bob's Red Mill Gluten Free Bread Mix (4x16 Oz),B00061EN92,039978004543
"Boo Bamboo Conditioner, Strength and Shine, 10.14 Ounce",Boo Bamboo Conditioner Strength and Shine (1x10.14 Oz),B006RE7V50,628143080019
Puretouch Tush Wipes Flushable -- 24 Wipes,Puretouch Tush Wipes Flushable (1x 24 Wipes),B00HA6OXA0,638242000016
"Mambino Organics Face Scrub, Moroccan Clay, 2.2 Ounce",Mambino Organics Face Scrub Moroccan Clay Renewing 2.2 Oz,B0088R97SI,892201002606
"ABSORBAID ABSORBAID, 240 CAP",AbsorbAid Digestive Support 240 Vcaps,B00OTW5EG0,724250784014
"GREEN FOODS GREEN MAGMA USA,OG2, 2.8 OZ",Green Foods Dr Hagiwara Green Magma Barley Grass Juice Powder (1x2.8 Oz),B00854IG9A,083851204070
Nutrex Hawaii - JointAstin - 120 Vegetarian Softgels,Nutrex Hawaii MD Formulas JointAstin (120 Veg Capsules),B00H4I8VIO,732894035102
Clif Crunch Snack Bar - 240 per pack -- 1 each.,Clif Crunch Bars 3 Flavors Display (48x5/1.5 OZ),B00V2L769O,722252193605
"Spice Hunter Ginger, Ground, Organic (6x0.8Oz)","Spice Hunter Ginger, Ground, Organic (6x0.8Oz)",B000AQFG7Q,081057014219
"Arriba! Medium Green Salsa, 16-Ounce Glass (Pack of 6)",Arriba! Fire Roasted Green SalsaMedium (6x16Oz),B001HTIAZA,033907500106
"Arriba! Mild Red Salsa, 16-Ounce Glass (Pack of 6)",Arriba! Fire Roasted Mexican Red SalsaMild (6x16Oz),B00060NLV4,033907500038
"PLANTFUSION PHOOD,CHOC CRML,PACKETS, 1.59 OZ CASE_12",Plantfusion Phood Packets Chocolate Caramel 1.59 Oz (12 Pack),B00EEEHRRW,890985001662
"Woodstock Farms Organic Campfire Trail Mix, 10 Ounce -- 8 per case.",Woodstock Full Moon Trail Mix (8x10Oz),B001FCI2UM,042563009335
North Coast Organics - All Natural Deodorant Revolver - 2.5 oz.,North Coast Organics Deodorant Revolver (1x2.5Oz),B00R9K2P7K,856517004013
North Coast Organics - All Natural Deodorant Death by Lavender - 2.5 oz.,North Coast Organics Deodorant Death By Lavender (1x2.5Oz),B00CYH6YLQ,856517004006
"Annie's Naturals Dressing, Og, Oil and Vinegar, 8-Ounce (Pack of 6)",Annie's Naturals Oil & Vinegar Dressing (6x8 Oz),B001HTKRZ6,092325333543
"Dr. Woods Lavender Soap with Organic Oil, 16 Ounce",Dr. Woods Naturals Castile Liquid Soap Lavender (16 fl Oz),B00CZD3728,689191542256
Honestly Phresh Tropical Blossom 2.25 oz,Phresh Tropical Blossom Deodorant (1x2.25Oz),B00AP701A2,894269002109
Brita Pitcher Copper 40 Gal. Fits All Brita Boxed,Brita Replacement Filter (1x1CT),B00SW3T8GO,060258355017
"BETTER BOTANICALS HYDRATING CLNSR,CHAMOMILE, 3.25 FZ",Better Botanicals Chamo Hydrating Cleanser (1x3.25OZ ),B005JF4UCU,615731011210
"Acure Baby Bug Lotion, 0.5 Ounce",Acure Organics Baby Bug Stick  (1x.5 OZ),B00ZGMF1OM,854049003122
Atkins Nutritionals Inc. - Advantage Meal Bar Chocolate Chip Granola - 5 Bars,Atkins Advantage Bar Chocolate Chip Granola (1x5 Bars),B01KGF89LK,637480045063
"Mediterranean Organics&amp;#x2122;,Organic Sundried Tomato Halves, 3-Ounce Bag (Pack of 12)",Mediterranean Organics Sundried Tomatoes (12x3 Oz),B0061WDVU2,814985000135
"DR. WOODS NATURALS CASTILE LIQ SP,OG3,ROSE, 16 FZ",Dr. Woods Naturals Castile Liquid Soap Rose (16 fl Oz),B00CZD2DZ0,689191542331
"Chaste Tree - PMS Support, 90 Vcaps,(oregon's Wild Harvest), 440mg organic chaste tree berry",Oregon's Wild Harvest Chaste Tree (1x90VCAP),B001LYLIWS,706195004426
"MAXIM HYGIENE PRODUCTS 3 IN 1 CTN BLLS,RNDS,SWBS, 50 CT",Maxim Hygiene 3 In 1 Pure Travel Pack Cotton Swabs (1x 50 count),B00CQ7X7BE,895199001347
"MAD HIPPIE FACE CRM,ANTI-WRINKL PEPT, 1.02 OZ","Mad Hippie Face Cream, All Skin Type (1.02 OZ)",B00A1OY7FO,013964127430
Elite Elite Mlk Choc Pop Rocks 3 oz (Pack Of 12),Elite Milk Chocolate w/ Pop Rocks (12x3 Oz),B008N1DFX2,815871010337
Peppercorns White Whole - Certified Organic Fair Trade Certified 16 Oz Frontier,Frontier Whole Wht PprCorn Ft (1x1LB ),B00416R3Z4,089836070043
"GIOVANNI HAIR CARE PRODUCTS SHAVE CRM,FRAG FR &amp; ALOE, 7 OZ",Giovanni Sensitive Aloe Frag Free Shaving Cream (7 Oz),B005YT249M,716237183217
"FRONTIER HERB FENNEL SEED WHL ORG, 16",Frontier Herb Whole Fennel Seed (1x1lb),B0001ZZGG2,089836001443
Better Than Bouillon Superior Touch Au Jus Base 8.0 OZ (Pack of 6),Better Than Bouillon Superior Touch Au Jus Base (6x8Oz),B0049J5VXE,098308217213
"DR. WOODS NATURALS TEA TREE SOAP W/SHEA BTR, 16 FZ",Dr. Woods Shea Vision Pure Castile Soap Tea Tree (16 fl Oz),B00CJF7534,689191523040
"Morton &amp; Bassett Black Sesame Seeds, 2.3-Ounce Jars (Pack of 3)",Morton & Bassett Black Sesame Seeds (3x2.3OZ ),B000HQPGVA,016291441835
Echinacea Root 1 OZ,Nature's Answer Organic Echinacea (1x1 Oz),B00CQ7O32G,083000002625
"NATURE'S WAY NETTLE HERB 435 MG, 100 CAP",Nature's Way Nettle Herb 435 Mg (1x100 CAP),B00DIGHZEM,033674151501
Three Lollies Queasy Drops Ginger Papaya Cola Banana Sour Raspberry - 21 Pieces pack of -1,Three Lollies Queasy Drops Ginger Papaya Cola Banana Sour Raspberry (1x21 Pieces),B00C8NRID4,695342666665
Zing Nutrition Bar-Dark Chocolate Peanut Butter-Box Zing Bars 12 Bars Box (N.W. 1lb 5.12oz),Zing Bars Chocolate Peanut Butter (12x1.7Oz),B003T3ZRQM,855531002074
Eda-Zen Cruncha Ma Me - Onion and Chive - .7 oz - Case of 8,Cruncha Ma-Me Edamame On/Chive (8x0.7OZ ),B01998GACU,859059002066
"Al Dente Pasta Linguine Egg, 12 oz 6 pk",Al Dente Egg Linguine (6x12Oz),B00BQXHPDA,081475336788
Dynamic Health Liquid Chlorophyll 473ml,Dynamic Health Liquid Chlorophyll 100 mg (16 fl Oz),B004ORSUIY,790223101584
"Frontier Cloves Ground, 1.92 OZ (Pack of 1)",Frontier Cloves Ground (1x1.92OZ ),B00CQ7JWP4,089836184153
Organyc Cotton Flat Panty Liners - 24 Pack,Organyc Cotton Flat Panty Liners (1 x24 Count),B00WDFK1CC,8016867008945
"La Costena Sliced Jalapeno, 12-Ounce (Pack of 12)",La Costena Sliced Jalapeno Peppers (12x12Oz),B001SAXRGU,076397002125
Dynamic Health Organic Apple Cider Vinegar with Mother Glass - 16 Oz,Dynamic Health Organic Apple Cider Vinegar with Mother (16 fl Oz),B000FIISBA,790223100341
Greek Yogurt Blueberry Protein Bar 1.76 Ounces (Case of 6),Pure Protein Bar Blueberry with Greek Yogurt Style Coating (6 x 1.76 Oz),B00FWL3MRK,749826539645
"Near East Mediterranean Medley Quinoa Blend, 5.4 Ounce -- 12 per case.",Near East Quinoa Blend  Mediterranean Medley  5.4 oz  case of 12,B01M06B97I,072251020199
"DYNAMIC HEALTH LIQ VITAMIN C 1000, 8 FZ",Dynamic Health Liquid Vitamin C Natural Citrus 1000 mg (8 fl Oz),B0053FG682,790223100402
"Embasa Whole Jalapeno Pepper With Escabeche,26 Ounce -- 12 Case",Embasa Whole Jalapenos (12x26OZ ),B00HZ2RTBO,075386049660
"GIOVANNI HAIR CARE PRODUCTS SHAMP,SMOOTH AS SILK, 8.5 FZ",Giovanni Smooth As Silk Shampoo (1x8.5 Oz),B002LMKDOI,716237180537
North American Hemp Co. Volumizing Shampoo 11.56 fl oz Liquid,North American Hemp  Shampoo Volumizing 11.56 fl Oz,B01BL45IM8,628143050012
Kiss My Face Vitamin Enriched Moisture Shave with Essential Oils-Cool Mint-4 oz,Kiss My Face Cool Mint Moist Shave (1x3.4 Oz),B00016X9LU,028367829690
"Glutino Buffalo Style Pretzel, 6 Ounce -- 6 per case.",Glutino Buffalo Style Pretzels (6x6Oz),B012BMVMII,678523040430
"SHEA MOISTURE WAX,HONEY SUGAR, 6 OZ",Shea Moisture Honey Sugar Wax (1x6OZ ),B0084W8KSK,764302250302
"St. Claire's Organic Candy Tarts Pouches Watermelon, Watermelon 0.56 oz(case of 12)",St Claire's Organic Watermelon Tart Pouches (12 x.56 Oz),B00142C6NW,780001981811
Bath &amp; Shower Gel Early To Rise Wild Mint &amp; Citrus - 16 oz,Kiss My Face Early Rise Bath Shower Gel (1x16 Oz),B00AO0J4C6,028367830634
"UNCLE LEE'S TEA TEA,OG1,PEPPERMINT CHAI, 18 BAG",Uncle Lee's Organic Chai Peppermint (1x18 Tea Bags),B0000DI1CT,049606203132
"Castor Oil, 32 oz",Heritage Products Castor Oil Hexane Free (32 fl Oz),B00BT7AYJA,076970221325
