"Blue Avocado Zip Travel Bag, Quart Size, Black",Blue Avocado Zip Travel Bag Quart Size Black,B00IUN5S2O,812613016855,No qty data available
"NATURTINT HAIR COLOR,6G,DK GLDN BLN, 5.28 FZ",Naturtint 6g Dark Golden Blonde Hair Color (1xKit),B006B01F7A,661176010103,No qty data available
"UNCLE SAM CEREAL ORIGINAL, 10 OZ",Uncle Sam Cereal Uncle Sam Cereal (12x10 Oz),B005ZHJIHO,041653456783,check
Castillo Hot Sauces 5-Pack,Mexico Lindo Salsa Habanero Red Xhot (12x5Oz),B00MR8GDKO,724836004024,check
"PROBAR BAR,OG3,CHOCOLATE COCONUT, 3 OZ",Probar Chocolate Cnt Meal Br (12x3OZ ),B00BGVMG0E,853152100346,check
"Natrol Alpha Lipoic Acid 50mg Capsules, 60 Count",Natrol Alpha Lipoic Acid 50 mg (60 Capsules),B0001TQEK0,047469003074,check
"SUNBIRD MIX SSNNG BEEF MONGOLIAN, 1 OZ",SunBird Seasoning Mix  Mongolian Beef  1 oz  case of 24,B004X3J34O,074880070316,check
"YOGI TEA,OG3,SWT TANG,POS ENRG, 16 BAG",Yogi Teas Sweet Tangerine Positive Energy Tea (6x16 Bag),B00DRPNP9I,076950204553,check
Maple Kobayashi Healthcare DRSSNG Ff VNGRT Balsamic 8 OZ (Pack of 4),Maple Grove Fat Free Balsamic Vinaigrette Salad Dressing (12x8 Oz),B00KOB0IZW,074683004266,check
"TASTE OF INDIA RICE MICRO VEG FRIED, 8.8 OZ",Taste Of Rice Vegetable Fried Rice (6x8.8 OZ),B00J2KYSM0,853087004368,check
"RAW REVOLUTION BAR,OG1,HVNLY HAZL CHOCLT, 1.8 OZ",Raw Revolution Bar Organic Heavenly Hazelnut Chocolate (12 x1.8 Oz),B00623EXW0,899587000233,check
"ARROWHEAD MILLS CEREAL SHRD WHEAT BTE SZ, 12 OZ, PK- 6",Arrowhead Mills Shredded Wheat Bite Size Cereal (12x12 Oz),B005GXH4PK,074333377535,check
"NEAR EAST QUINOA RSTD RED PPR BASIL, 4.9 OZ",Near East Roasted Red Pepper & Basil Quinoa Blend (12x4.9 Oz),B004TSPORS,072251020069,check
